"Provider Name","Category","Neighborhood","Address","Phone","Website","Has Website?","Age Range","Price Band","Google Rating","Review Count","Latitude","Longitude","Source","Source URL","Tier","Outreach Status","Contact Channel","Last Contacted","Notes"
"Kweller Prep Tutoring and Educational Services, Inc.","Academic / Tutoring","Forest Hills","108-22 Queens Blvd 2nd floor, Forest Hills, NY 11375","(800) 631-1757","https://www.kwellerprep.com/","Yes","","","4.9","359","40.7207797","-73.843285","Google Maps (Apify)","https://www.google.com/maps/place/?q=place_id:ChIJBWJBLplgwokRcXCGwBc61Zg","B","Seeded","","","High review volume (359)"
"Dream City","Academic / Enrichment","Forest Hills","108-48 Queens Blvd, Forest Hills, NY 11375","(718) 880-2352","http://dreamcityfohi.com/","Yes","","","4.8","189","40.7205022","-73.8426936","Google Maps (Apify)","https://www.google.com/maps/place/?q=place_id:ChIJCSpIJe1fwokRoTf38RhE15k","B","Seeded","","","Learning/enrichment center"
"JEI Learning Center","Academic / Tutoring","Forest Hills","112-28 Queens Blvd, Forest Hills, NY 11375","(718) 268-2890","https://jeilearning.com/ForestHills/","Yes","","","5","18","40.7176056","-73.8363727","Google Maps (Apify)","https://www.google.com/maps/place/?q=place_id:ChIJjTPuzZ5gwokRZfsvMhiQ7bc","B","Seeded","","","National franchise"
"Mathnasium","Academic / Tutoring","Forest Hills","108-14 72nd Ave, Forest Hills, NY 11375","(718) 544-6284","https://www.mathnasium.com/math-centers/foresthillsny","Yes","","","4.9","43","40.7196594","-73.8421414","Google Maps (Apify)","https://www.google.com/maps/place/?q=place_id:ChIJ35YvryBewokRJXdcpkLLNA8","B","Seeded","","","National franchise"
"Startline Academy Afterschool and Enrichment Center","Academic / After-school","Forest Hills","70-35 112th St, Forest Hills, NY 11375","(347) 766-7035","http://www.startlineacademy.org/","Yes","","","4.8","21","40.7233859","-73.8391999","Google Maps (Apify)","https://www.google.com/maps/place/?q=place_id:ChIJPQPKpqxgwokRjjyQzwvalfY","B","Seeded","","",""
"CreativeKids Art Studio","Art","Forest Hills","105-33 66th Ave, Forest Hills, NY 11375","(614) 843-4400","http://www.creativekidsartstudio.com/","Yes","","","5","54","40.7301478","-73.8491505","Google Maps (Apify)","https://www.google.com/maps/place/?q=place_id:ChIJoebvsi5fwokRehVcLz5COw4","B","Seeded","","","Out-of-state area code (614)"
"Dip N' Paint","Art","Forest Hills","108-15 65th Rd, Forest Hills, NY 11375","(347) 644-0065","http://www.dipnpaint.com/","Yes","","","5","41","40.7313708","-73.8479096","Google Maps (Apify)","https://www.google.com/maps/place/?q=place_id:ChIJBcpeZ5hfwokRQErOTlPAVQ8","B","Seeded","","",""
"Learning Lab","Art","Forest Hills","96-21 69th Ave, Forest Hills, NY 11375","(929) 888-0100","https://www.learninglabny.com/","Yes","","","4.5","17","40.7173806","-73.8520966","Google Maps (Apify)","https://www.google.com/maps/place/?q=place_id:ChIJB9X8vxBewokRVWPr_1SQ29A","B","Seeded","","","Maps mislabels as Flushing; zip = Forest Hills"
"The Art Nest","Art","Forest Hills","Inside PS 144, 69-20 Juno St, Forest Hills, NY 11375","","http://www.artnestny.com/","Yes","","","5","10","40.7150172","-73.8529002","Google Maps (Apify)","https://www.google.com/maps/place/?q=place_id:ChIJp-ASiDtewokRIzI2lXstokA","B","Seeded","","","No phone listed; runs inside PS 144"
"Forest Hills' BEST After School & Summer Camp","Camp / After-school","Forest Hills","64-37 108th St, Forest Hills, NY 11375","(929) 360-7854","https://foresthillsafterschool.com/","Yes","","","5","9","40.7320683","-73.8488427","Google Maps (Apify)","https://www.google.com/maps/place/?q=place_id:ChIJDSt9F6xfwokROm2pZ1WTfWI","B","Seeded","","",""
"Jorday Rivera's Dance Studio","Dance","Forest Hills","102-19 Metropolitan Ave, Forest Hills, NY 11375","(718) 275-4386","http://www.jorday.com/","Yes","","","4.9","87","40.7104481","-73.8500262","Google Maps (Apify)","https://www.google.com/maps/place/?q=place_id:ChIJ6fvkxRtewokRjyKWbQs1Bwc","B","Seeded","","",""
"Studio E School of Dance","Dance","Forest Hills","100-35 Metropolitan Ave, Forest Hills, NY 11375","(718) 264-0100","http://www.studioe.net/","Yes","","","4.8","109","40.7108353","-73.8518994","Google Maps (Apify)","https://www.google.com/maps/place/?q=place_id:ChIJV1RDSqZhwokReGjfjT2JhUw","B","Seeded","","",""
"All Star Studios","Dance","Forest Hills","108-21 72nd Ave #4, Forest Hills, NY 11375","(718) 268-2280","http://www.allstarstudiosnyc.com/","Yes","","","4.7","52","40.7202168","-73.8424114","Google Maps (Apify)","https://www.google.com/maps/place/?q=place_id:ChIJkfJ-qCBewokRNnSjf2Dp_I8","B","Seeded","","",""
"Queens Ballet Center","Dance","Forest Hills","72-35 112th St, Forest Hills, NY 11375","(718) 521-5276","","No","","","","","40.7207363","-73.8378469","Google Maps (Apify)","https://www.google.com/maps/place/?q=place_id:ChIJT8E5QpxgwokRareKb2L2VTY","A","Seeded","Phone","","NO WEBSITE — priority claim/lead-gen target; no reviews yet"
"Forest Hills Rhythmic Gymnastics Dance","Gymnastics","Forest Hills","106-06 Queens Blvd, Forest Hills, NY 11375","(718) 813-1700","http://www.queensgymnastics.com/","Yes","","","4.9","179","40.7213608","-73.8475878","Google Maps (Apify)","https://www.google.com/maps/place/?q=place_id:ChIJCwWIpiZewokR_2FmYxuOFXk","B","Seeded","","",""
"Champions Martial Arts Forest Hills","Martial Arts","Forest Hills","71-72 Yellowstone Blvd, Forest Hills, NY 11375","(718) 544-5425","http://www.foresthillstkd.com/","Yes","","","4.9","157","40.7209453","-73.8554261","Google Maps (Apify)","https://www.google.com/maps/place/?q=place_id:ChIJe5NXKWpfwokR13eAqSID5DI","B","Seeded","","",""
"Striking 101 Mixed Martial Arts - Forest Hills","Martial Arts","Forest Hills","96-21 69th Ave, Forest Hills, NY 11375","(718) 559-9403","https://s101hq.com/forest-hills/","Yes","","","4.9","118","40.7174935","-73.8522575","Google Maps (Apify)","https://www.google.com/maps/place/?q=place_id:ChIJgbxN7tZfwokR0eKG90XAVr0","B","Seeded","","","Multi-location brand"
"Kings Combat Forest Hills","Martial Arts","Forest Hills","72-08 Austin St 2nd Floor, Forest Hills, NY 11375","(201) 474-5648","http://www.kingscombatforesthills.com/","Yes","","","4.9","50","40.7190292","-73.8424702","Google Maps (Apify)","https://www.google.com/maps/place/?q=place_id:ChIJS77xKx9fwokROfwk2LM_cEA","B","Seeded","","","NJ area code (201)"
"NiKa Dojo (Nihon Karate-do)","Martial Arts","Forest Hills","113-25 Queens Blvd Ste 117 & 120, Forest Hills, NY 11375","(917) 740-6555","http://nikadojo.com/fohi","Yes","","","5","47","40.7176189","-73.8348887","Google Maps (Apify)","https://www.google.com/maps/place/?q=place_id:ChIJtejjGCphwokRnIbG8hx4G2s","B","Seeded","","",""
"Further Music School (Forest Hills)","Music","Forest Hills","69-40 108th St # Pr1, Forest Hills, NY 11375","(718) 544-8886","http://www.furthermusic.com/","Yes","","","4.7","86","40.7239279","-73.8454211","Google Maps (Apify)","https://www.google.com/maps/place/?q=place_id:ChIJJwAa6p1gwokR0ArGRTPdi0A","B","Seeded","","",""
"Nick Russo School of Music","Music","Forest Hills","Loubet St and, 70th Ave, Forest Hills, NY 11375","(516) 982-7496","http://nickrusso.org/","Yes","","","5","55","40.7137417","-73.8520889","Google Maps (Apify)","https://www.google.com/maps/place/?q=place_id:ChIJsQmCaLphwokRMhpV637ucRE","B","Seeded","","","Long Island area code (516)"
"Belle Arti Center for The Arts L.L.C","Music","Forest Hills","108-10 72nd Ave Ground Floor, Forest Hills, NY 11375","(718) 261-2237","https://www.belleartiny.com/","Yes","","","4.9","43","40.719526","-73.842107","Google Maps (Apify)","https://www.google.com/maps/place/?q=place_id:ChIJIXMypiBewokRDtBXo7m4oE4","B","Seeded","","",""
"HUG Music (Music Therapy, Lessons & Early Childhood Music)","Music","Forest Hills","112-01 75th Ave, Forest Hills, NY 11375","(718) 487-4309","http://www.hugmusicny.com/","Yes","","","4.5","17","40.7191929","-73.83727","Google Maps (Apify)","https://www.google.com/maps/place/?q=place_id:ChIJkfd8oZ5gwokRHtmZ9a7wMOY","B","Seeded","","",""
"Soccer Friends USA","Sports / Soccer","Forest Hills","106-06 Queens Blvd, Forest Hills, NY 11375","(718) 261-2403","http://www.soccerfriendsusa.com/","Yes","","","4.8","120","40.7216517","-73.8474916","Google Maps (Apify)","https://www.google.com/maps/place/?q=place_id:ChIJ11FrpiZewokRdNU6U1DYGL8","B","Seeded","","","2 locations (Queens Blvd + 108-14 72nd Ave)"
"Forest Hills Youth Athletic Association","Sports / Multi-sport","Forest Hills","66-01 Fleet St, Forest Hills, NY 11375","(718) 544-2296","http://www.fhyaa.com/","Yes","","","4.8","51","40.719946","-73.8573213","Google Maps (Apify)","https://www.google.com/maps/place/?q=place_id:ChIJm8lBrT1ewokR8FqK8J3gcEU","B","Seeded","","","Youth org / community league"
"Queensborough United Soccer Club","Sports / Soccer","Forest Hills","106-06 Queens Blvd, Forest Hills, NY 11375","(347) 909-4113","http://www.queensboroughunitedsc.com/","Yes","","","5","7","40.7219806","-73.8475298","Google Maps (Apify)","https://www.google.com/maps/place/?q=place_id:ChIJE-AWmyZewokRwSMRLHg-UbM","B","Seeded","","",""
